{
  "__inputs": [
    {
      "name": "DS_PROMETHEUS",
      "label": "PROMETHEUS",
      "description": "",
      "type": "datasource",
      "pluginId": "prometheus",
      "pluginName": "Prometheus"
    }
  ],
  "__requires": [
    {
      "type": "panel",
      "id": "gauge",
      "name": "Gauge",
      "version": ""
    },
    {
      "type": "grafana",
      "id": "grafana",
      "name": "Grafana",
      "version": "7.4.5"
    },
    {
      "type": "panel",
      "id": "graph",
      "name": "Graph",
      "version": ""
    },
    {
      "type": "datasource",
      "id": "prometheus",
      "name": "Prometheus",
      "version": "1.0.0"
    },
    {
      "type": "panel",
      "id": "stat",
      "name": "Stat",
      "version": ""
    }
  ],
  "annotations": {
    "list": [
      {
        "builtIn": 1,
        "datasource": "-- Grafana --",
        "enable": true,
        "hide": true,
        "iconColor": "rgba(0, 211, 255, 1)",
        "name": "Annotations & Alerts",
        "type": "dashboard"
      }
    ]
  },
  "editable": false,
  "gnetId": null,
  "graphTooltip": 0,
  "id": null,
  "iteration": 1625069813048,
  "links": [
    {
      "asDropdown": false,
      "icon": "external link",
      "includeVars": true,
      "keepTime": true,
      "tags": [
        "vendor=crunchydata"
      ],
      "title": "",
      "type": "dashboards"
    }
  ],
  "panels": [
    {
      "cacheTimeout": null,
      "datasource": "PROMETHEUS",
      "fieldConfig": {
        "defaults": {
          "color": {
            "mode": "thresholds"
          },
          "custom": {},
          "links": [
            {
              "title": "pgBackrest",
              "url": "/d/2fcFZ6PGk/pgbackrest?${__all_variables}"
            }
          ],
          "mappings": [
            {
              "id": 0,
              "op": "=",
              "text": "N/A",
              "type": 1,
              "value": "null"
            }
          ],
          "thresholds": {
            "mode": "absolute",
            "steps": [
              {
                "color": "#56A64B",
                "value": null
              },
              {
                "color": "#FF9830",
                "value": 86400
              },
              {
                "color": "#E02F44",
                "value": 172800
              }
            ]
          },
          "unit": "dtdurations"
        },
        "overrides": []
      },
      "gridPos": {
        "h": 2,
        "w": 24,
        "x": 0,
        "y": 0
      },
      "id": 27,
      "interval": null,
      "links": [
        {
          "title": "pgBackRest",
          "url": "/d/2fcFZ6PGk/pgbackrest?${__all_variables}"
        }
      ],
      "maxDataPoints": 100,
      "options": {
        "colorMode": "background",
        "graphMode": "none",
        "justifyMode": "auto",
        "orientation": "horizontal",
        "reduceOptions": {
          "calcs": [
            "min"
          ],
          "fields": "",
          "values": false
        },
        "text": {},
        "textMode": "auto"
      },
      "pluginVersion": "7.4.5",
      "targets": [
        {
          "expr": "min(ccp_backrest_last_incr_backup_time_since_completion_seconds{pg_cluster=\"[[cluster]]\"} < ccp_backrest_last_diff_backup_time_since_completion_seconds{pg_cluster=\"[[cluster]]\"} or ccp_backrest_last_incr_backup_time_since_completion_seconds{pg_cluster=\"[[cluster]]\"} < ccp_backrest_last_full_backup_time_since_completion_seconds{pg_cluster=\"[[cluster]]\"} or ccp_backrest_last_incr_backup_time_since_completion_seconds{pg_cluster=\"[[cluster]]\"}) ",
          "format": "time_series",
          "interval": "",
          "intervalFactor": 1,
          "legendFormat": "",
          "refId": "A"
        }
      ],
      "timeFrom": null,
      "timeShift": null,
      "title": "[[cluster]] : Backup Status",
      "type": "stat"
    },
    {
      "cacheTimeout": null,
      "datasource": "PROMETHEUS",
      "fieldConfig": {
        "defaults": {
          "color": {
            "mode": "thresholds"
          },
          "custom": {},
          "mappings": [
            {
              "id": 0,
              "op": "=",
              "text": "N/A",
              "type": 1,
              "value": "null"
            }
          ],
          "max": 100,
          "min": 0,
          "thresholds": {
            "mode": "absolute",
            "steps": [
              {
                "color": "rgba(50, 172, 45, 0.97)",
                "value": null
              },
              {
                "color": "rgba(237, 129, 40, 0.89)",
                "value": 70
              },
              {
                "color": "rgba(245, 54, 54, 0.9)",
                "value": 90
              }
            ]
          },
          "unit": "percent"
        },
        "overrides": []
      },
      "gridPos": {
        "h": 5,
        "w": 4,
        "x": 0,
        "y": 2
      },
      "id": 8,
      "interval": null,
      "links": [],
      "maxDataPoints": 100,
      "options": {
        "orientation": "horizontal",
        "reduceOptions": {
          "calcs": [
            "lastNotNull"
          ],
          "fields": "",
          "values": false
        },
        "showThresholdLabels": false,
        "showThresholdMarkers": true,
        "text": {}
      },
      "pluginVersion": "7.4.5",
      "targets": [
        {
          "expr": "sum(pg_stat_activity_count{pg_cluster=\"[[cluster]]\",pod=~\"[[pod]]\",datname=~\"[[datname]]\", state=\"active\"})*100 /sum(pg_settings_max_connections{pg_cluster=\"[[cluster]]\",pod=~\"[[pod]]\"})",
          "format": "time_series",
          "hide": false,
          "instant": true,
          "interval": "",
          "intervalFactor": 1,
          "legendFormat": "",
          "metric": "pg_stat_activity_count",
          "refId": "A",
          "step": 10
        }
      ],
      "title": "Active Connections",
      "type": "gauge"
    },
    {
      "cacheTimeout": null,
      "datasource": "PROMETHEUS",
      "fieldConfig": {
        "defaults": {
          "color": {
            "mode": "thresholds"
          },
          "custom": {},
          "mappings": [
            {
              "id": 0,
              "op": "=",
              "text": "N/A",
              "type": 1,
              "value": "null"
            }
          ],
          "max": 100,
          "min": 0,
          "thresholds": {
            "mode": "percentage",
            "steps": [
              {
                "color": "rgba(50, 172, 45, 0.97)",
                "value": null
              },
              {
                "color": "rgba(237, 129, 40, 0.89)",
                "value": 10
              },
              {
                "color": "rgba(245, 54, 54, 0.9)",
                "value": 30
              }
            ]
          },
          "unit": "percentunit"
        },
        "overrides": []
      },
      "gridPos": {
        "h": 5,
        "w": 4,
        "x": 4,
        "y": 2
      },
      "id": 2,
      "interval": null,
      "links": [],
      "maxDataPoints": 100,
      "options": {
        "orientation": "horizontal",
        "reduceOptions": {
          "calcs": [
            "lastNotNull"
          ],
          "fields": "",
          "values": false
        },
        "showThresholdLabels": false,
        "showThresholdMarkers": true,
        "text": {}
      },
      "pluginVersion": "7.4.5",
      "targets": [
        {
          "expr": "sum(pg_stat_activity_count{pg_cluster=\"[[cluster]]\",pod=~\"[[pod]]\",datname=~\"[[datname]]\",state=\"idle in transaction\"})/sum(pg_settings_max_connections{pg_cluster=\"[[cluster]]\",pod=~\"[[pod]]\"})",
          "format": "time_series",
          "instant": true,
          "interval": "",
          "intervalFactor": 1,
          "legendFormat": "",
          "refId": "B"
        }
      ],
      "title": "Idle In Transaction",
      "type": "gauge"
    },
    {
      "cacheTimeout": null,
      "datasource": "PROMETHEUS",
      "description": "",
      "fieldConfig": {
        "defaults": {
          "color": {
            "mode": "thresholds"
          },
          "custom": {},
          "mappings": [
            {
              "id": 0,
              "op": "=",
              "text": "N/A",
              "type": 1,
              "value": "null"
            }
          ],
          "max": 1200,
          "min": 0,
          "thresholds": {
            "mode": "absolute",
            "steps": [
              {
                "color": "rgba(50, 172, 45, 0.97)",
                "value": null
              },
              {
                "color": "rgba(237, 129, 40, 0.89)",
                "value": 300
              },
              {
                "color": "rgba(245, 54, 54, 0.9)",
                "value": 900
              }
            ]
          },
          "unit": "s"
        },
        "overrides": []
      },
      "gridPos": {
        "h": 5,
        "w": 4,
        "x": 8,
        "y": 2
      },
      "id": 34,
      "interval": null,
      "links": [],
      "maxDataPoints": 100,
      "options": {
        "orientation": "horizontal",
        "reduceOptions": {
          "calcs": [
            "lastNotNull"
          ],
          "fields": "",
          "values": false
        },
        "showThresholdLabels": false,
        "showThresholdMarkers": true,
        "text": {}
      },
      "pluginVersion": "7.4.5",
      "targets": [
        {
          "expr": "max(abs(ccp_connection_stats_max_idle_in_txn_time{pg_cluster=\"[[cluster]]\",pod=~\"[[pod]]\"}))",
          "format": "time_series",
          "instant": true,
          "interval": "",
          "intervalFactor": 1,
          "legendFormat": "",
          "refId": "B"
        }
      ],
      "title": "Max Idle In Transaction Time",
      "type": "gauge"
    },
    {
      "cacheTimeout": null,
      "datasource": "PROMETHEUS",
      "fieldConfig": {
        "defaults": {
          "color": {
            "mode": "thresholds"
          },
          "custom": {},
          "mappings": [
            {
              "id": 0,
              "op": "=",
              "text": "N/A",
              "type": 1,
              "value": "null"
            }
          ],
          "max": 100,
          "min": 0,
          "thresholds": {
            "mode": "absolute",
            "steps": [
              {
                "color": "rgba(50, 172, 45, 0.97)",
                "value": null
              },
              {
                "color": "rgba(237, 129, 40, 0.89)",
                "value": 60
              },
              {
                "color": "rgba(245, 54, 54, 0.9)",
                "value": 80
              }
            ]
          },
          "unit": "percent"
        },
        "overrides": []
      },
      "gridPos": {
        "h": 5,
        "w": 4,
        "x": 12,
        "y": 2
      },
      "id": 3,
      "interval": null,
      "links": [],
      "maxDataPoints": 100,
      "options": {
        "orientation": "horizontal",
        "reduceOptions": {
          "calcs": [
            "lastNotNull"
          ],
          "fields": "",
          "values": false
        },
        "showThresholdLabels": false,
        "showThresholdMarkers": true,
        "text": {}
      },
      "pluginVersion": "7.4.5",
      "targets": [
        {
          "expr": "sum(pg_stat_activity_count{pg_cluster=\"[[cluster]]\",pod=~\"[[pod]]\",datname=~\"[[datname]]\",state=\"idle\"})*100/sum(pg_settings_max_connections{pg_cluster=\"[[cluster]]\",pod=~\"[[pod]]\"})",
          "format": "time_series",
          "instant": true,
          "interval": "",
          "intervalFactor": 1,
          "legendFormat": "",
          "metric": "pg_stat_activity_count",
          "refId": "A",
          "step": 10
        }
      ],
      "title": "Idle",
      "type": "gauge"
    },
    {
      "cacheTimeout": null,
      "datasource": "PROMETHEUS",
      "fieldConfig": {
        "defaults": {
          "color": {
            "mode": "thresholds"
          },
          "custom": {},
          "mappings": [
            {
              "id": 0,
              "op": "=",
              "text": "N/A",
              "type": 1,
              "value": "null"
            }
          ],
          "max": 100,
          "min": 0,
          "thresholds": {
            "mode": "absolute",
            "steps": [
              {
                "color": "rgba(50, 172, 45, 0.97)",
                "value": null
              },
              {
                "color": "rgba(237, 129, 40, 0.89)",
                "value": 60
              },
              {
                "color": "rgba(245, 54, 54, 0.9)",
                "value": 80
              }
            ]
          },
          "unit": "percent"
        },
        "overrides": []
      },
      "gridPos": {
        "h": 5,
        "w": 4,
        "x": 16,
        "y": 2
      },
      "id": 32,
      "interval": null,
      "links": [],
      "maxDataPoints": 100,
      "options": {
        "orientation": "horizontal",
        "reduceOptions": {
          "calcs": [
            "lastNotNull"
          ],
          "fields": "",
          "values": false
        },
        "showThresholdLabels": false,
        "showThresholdMarkers": true,
        "text": {}
      },
      "pluginVersion": "7.4.5",
      "targets": [
        {
          "expr": "max(ccp_transaction_wraparound_percent_towards_wraparound{pg_cluster=\"[[cluster]]\",pod=~\"[[pod]]\"})",
          "format": "time_series",
          "instant": true,
          "interval": "",
          "intervalFactor": 1,
          "legendFormat": "",
          "metric": "pg_stat_activity_count",
          "refId": "A",
          "step": 10
        }
      ],
      "title": "% Toward Wraparound",
      "type": "gauge"
    },
    {
      "cacheTimeout": null,
      "datasource": "PROMETHEUS",
      "description": "",
      "fieldConfig": {
        "defaults": {
          "color": {
            "mode": "thresholds"
          },
          "custom": {},
          "mappings": [
            {
              "id": 0,
              "op": "=",
              "text": "N/A",
              "type": 1,
              "value": "null"
            }
          ],
          "max": 100,
          "min": 0,
          "thresholds": {
            "mode": "absolute",
            "steps": [
              {
                "color": "#E02F44",
                "value": null
              },
              {
                "color": "rgba(237, 129, 40, 0.89)",
                "value": 80
              },
              {
                "color": "#56A64B",
                "value": 90
              }
            ]
          },
          "unit": "percent"
        },
        "overrides": []
      },
      "gridPos": {
        "h": 5,
        "w": 4,
        "x": 20,
        "y": 2
      },
      "id": 33,
      "interval": null,
      "links": [],
      "maxDataPoints": 100,
      "options": {
        "orientation": "horizontal",
        "reduceOptions": {
          "calcs": [
            "lastNotNull"
          ],
          "fields": "",
          "values": false
        },
        "showThresholdLabels": false,
        "showThresholdMarkers": true,
        "text": {}
      },
      "pluginVersion": "7.4.5",
      "targets": [
        {
          "expr": "sum(ccp_stat_database_blks_hit{pg_cluster=\"[[cluster]]\",pod=~\"[[pod]]\"})*100/sum(ccp_stat_database_blks_hit{pg_cluster=\"[[cluster]]\",pod=~\"[[pod]]\"}+ccp_stat_database_blks_read{pg_cluster=\"[[cluster]]\",pod=~\"[[pod]]\"})",
          "format": "time_series",
          "instant": true,
          "interval": "",
          "intervalFactor": 1,
          "legendFormat": "",
          "metric": "pg_stat_activity_count",
          "refId": "A",
          "step": 10
        }
      ],
      "title": "Cache Hit Ratio",
      "type": "gauge"
    },
    {
      "aliasColors": {},
      "bars": false,
      "dashLength": 10,
      "dashes": false,
      "datasource": "PROMETHEUS",
      "fieldConfig": {
        "defaults": {
          "custom": {},
          "links": []
        },
        "overrides": []
      },
      "fill": 1,
      "fillGradient": 0,
      "gridPos": {
        "h": 6,
        "w": 12,
        "x": 0,
        "y": 7
      },
      "hiddenSeries": false,
      "id": 24,
      "legend": {
        "alignAsTable": true,
        "avg": false,
        "current": false,
        "max": false,
        "min": false,
        "rightSide": true,
        "show": true,
        "sideWidth": 150,
        "total": false,
        "values": false
      },
      "lines": true,
      "linewidth": 1,
      "nullPointMode": "null",
      "options": {
        "alertThreshold": true
      },
      "percentage": false,
      "pluginVersion": "7.4.5",
      "pointradius": 5,
      "points": false,
      "renderer": "flot",
      "seriesOverrides": [],
      "spaceLength": 10,
      "stack": false,
      "steppedLine": false,
      "targets": [
        {
          "expr": "sum(irate(ccp_stat_database_xact_commit{pg_cluster=\"[[cluster]]\",pod=~\"[[pod]]\",datname=~\"[[datname]]\"}[5m])) + sum(irate(ccp_stat_database_xact_rollback{pg_cluster=\"[[cluster]]\",pod=~\"[[pod]]\",datname=~\"[[datname]]\"}[5m]))",
          "format": "time_series",
          "hide": false,
          "interval": "",
          "intervalFactor": 2,
          "legendFormat": "Transactions",
          "metric": "ccp_stat_database_tup_fetched",
          "refId": "A",
          "step": 2
        },
        {
          "expr": "sum(irate(ccp_pg_stat_statements_total_calls_count{pg_cluster=\"[[cluster]]\",pod=~\"[[pod]]\",datname=~\"[[datname]]\"}[5m]))",
          "format": "time_series",
          "hide": false,
          "interval": "",
          "intervalFactor": 2,
          "legendFormat": "Queries",
          "metric": "ccp_stat_database_tup_fetched",
          "refId": "B",
          "step": 2
        }
      ],
      "thresholds": [],
      "timeFrom": null,
      "timeRegions": [],
      "timeShift": null,
      "title": "Activity -  [[pod]]-[[datname]]",
      "tooltip": {
        "shared": true,
        "sort": 0,
        "value_type": "individual"
      },
      "type": "graph",
      "xaxis": {
        "buckets": null,
        "mode": "time",
        "name": null,
        "show": true,
        "values": []
      },
      "yaxes": [
        {
          "format": "short",
          "label": null,
          "logBase": 1,
          "max": null,
          "min": "0",
          "show": true
        },
        {
          "format": "short",
          "label": null,
          "logBase": 1,
          "max": null,
          "min": null,
          "show": false
        }
      ],
      "yaxis": {
        "align": false,
        "alignLevel": null
      }
    },
    {
      "aliasColors": {},
      "bars": false,
      "dashLength": 10,
      "dashes": false,
      "datasource": "PROMETHEUS",
      "fieldConfig": {
        "defaults": {
          "custom": {},
          "links": []
        },
        "overrides": []
      },
      "fill": 1,
      "fillGradient": 0,
      "gridPos": {
        "h": 6,
        "w": 12,
        "x": 12,
        "y": 7
      },
      "hiddenSeries": false,
      "id": 26,
      "legend": {
        "alignAsTable": true,
        "avg": false,
        "current": false,
        "max": false,
        "min": false,
        "rightSide": true,
        "show": true,
        "sideWidth": 150,
        "total": false,
        "values": false
      },
      "lines": true,
      "linewidth": 1,
      "nullPointMode": "null",
      "options": {
        "alertThreshold": true
      },
      "percentage": false,
      "pluginVersion": "7.4.5",
      "pointradius": 5,
      "points": false,
      "renderer": "flot",
      "seriesOverrides": [],
      "spaceLength": 10,
      "stack": false,
      "steppedLine": false,
      "targets": [
        {
          "expr": "sum by (state) (pg_stat_activity_count{pg_cluster=\"[[cluster]]\",pod=~\"[[pod]]\",datname=~\"[[datname]]\",state=\"idle\"})",
          "format": "time_series",
          "hide": false,
          "interval": "",
          "intervalFactor": 2,
          "legendFormat": "idle",
          "metric": "ccp_stat_database_tup_fetched",
          "refId": "A",
          "step": 2
        },
        {
          "expr": "sum by (state) (pg_stat_activity_count{pg_cluster=\"[[cluster]]\",pod=~\"[[pod]]\",datname=~\"[[datname]]\",state=\"idle in transaction\"})",
          "format": "time_series",
          "interval": "",
          "intervalFactor": 1,
          "legendFormat": "Idle in txn",
          "refId": "B"
        },
        {
          "expr": "sum by (state) (pg_stat_activity_count{pg_cluster=\"[[cluster]]\",pod=~\"[[pod]]\",datname=~\"[[datname]]\",state=\"active\"})",
          "format": "time_series",
          "intervalFactor": 1,
          "legendFormat": "active",
          "refId": "C"
        }
      ],
      "thresholds": [],
      "timeFrom": null,
      "timeRegions": [],
      "timeShift": null,
      "title": "Connections -  [[pod]]-[[datname]]",
      "tooltip": {
        "shared": true,
        "sort": 0,
        "value_type": "individual"
      },
      "type": "graph",
      "xaxis": {
        "buckets": null,
        "mode": "time",
        "name": null,
        "show": true,
        "values": []
      },
      "yaxes": [
        {
          "format": "short",
          "label": null,
          "logBase": 1,
          "max": null,
          "min": "0",
          "show": true
        },
        {
          "format": "short",
          "label": null,
          "logBase": 1,
          "max": null,
          "min": null,
          "show": true
        }
      ],
      "yaxis": {
        "align": false,
        "alignLevel": null
      }
    },
    {
      "aliasColors": {},
      "bars": false,
      "dashLength": 10,
      "dashes": false,
      "datasource": "PROMETHEUS",
      "fieldConfig": {
        "defaults": {
          "custom": {},
          "links": []
        },
        "overrides": []
      },
      "fill": 1,
      "fillGradient": 0,
      "gridPos": {
        "h": 6,
        "w": 12,
        "x": 0,
        "y": 13
      },
      "hiddenSeries": false,
      "id": 12,
      "legend": {
        "alignAsTable": true,
        "avg": false,
        "current": false,
        "max": false,
        "min": false,
        "rightSide": true,
        "show": true,
        "sideWidth": 150,
        "total": false,
        "values": false
      },
      "lines": true,
      "linewidth": 1,
      "links": [],
      "nullPointMode": "null",
      "options": {
        "alertThreshold": true
      },
      "percentage": false,
      "pluginVersion": "7.4.5",
      "pointradius": 5,
      "points": false,
      "renderer": "flot",
      "seriesOverrides": [],
      "spaceLength": 10,
      "stack": false,
      "steppedLine": false,
      "targets": [
        {
          "expr": "sum(ccp_database_size_bytes{pg_cluster=\"[[cluster]]\",pod=~\"[[pod]]\"})/(1024*1024)",
          "format": "time_series",
          "hide": false,
          "intervalFactor": 2,
          "legendFormat": "Total : [[cluster]]-[[pod]]",
          "refId": "B"
        },
        {
          "expr": "ccp_database_size_bytes{pg_cluster=\"[[cluster]]\",pod=~\"[[pod]]\",dbname=~\"[[datname]]\"}/(1024*1024)",
          "format": "time_series",
          "intervalFactor": 2,
          "legendFormat": "{{dbname}} ({{pod}})",
          "refId": "A"
        }
      ],
      "thresholds": [],
      "timeFrom": null,
      "timeRegions": [],
      "timeShift": null,
      "title": "database size - [[pod]]-[[datname]]",
      "tooltip": {
        "shared": true,
        "sort": 0,
        "value_type": "individual"
      },
      "type": "graph",
      "xaxis": {
        "buckets": null,
        "mode": "time",
        "name": null,
        "show": true,
        "values": []
      },
      "yaxes": [
        {
          "format": "decmbytes",
          "label": null,
          "logBase": 2,
          "max": null,
          "min": null,
          "show": true
        },
        {
          "format": "short",
          "label": null,
          "logBase": 1,
          "max": null,
          "min": null,
          "show": false
        }
      ],
      "yaxis": {
        "align": false,
        "alignLevel": null
      }
    },
    {
      "aliasColors": {
        "Max: ccp_monitoring(postgres)": "red"
      },
      "bars": false,
      "dashLength": 10,
      "dashes": false,
      "datasource": "PROMETHEUS",
      "description": "",
      "fieldConfig": {
        "defaults": {
          "custom": {},
          "links": []
        },
        "overrides": []
      },
      "fill": 1,
      "fillGradient": 0,
      "gridPos": {
        "h": 6,
        "w": 12,
        "x": 12,
        "y": 13
      },
      "hiddenSeries": false,
      "id": 31,
      "legend": {
        "alignAsTable": true,
        "avg": false,
        "current": false,
        "max": false,
        "min": false,
        "rightSide": true,
        "show": true,
        "sideWidth": 150,
        "total": false,
        "values": false
      },
      "lines": true,
      "linewidth": 1,
      "nullPointMode": "null",
      "options": {
        "alertThreshold": true
      },
      "percentage": false,
      "pluginVersion": "7.4.5",
      "pointradius": 5,
      "points": false,
      "renderer": "flot",
      "seriesOverrides": [
        {
          "alias": "/Max:/",
          "color": "#FF9830"
        },
        {
          "alias": "/Avg:/",
          "color": "#5794F2"
        }
      ],
      "spaceLength": 10,
      "stack": false,
      "steppedLine": false,
      "targets": [
        {
          "expr": "max(ccp_pg_stat_statements_total_mean_exec_time_ms{pg_cluster=\"[[cluster]]\",pod=~\"[[pod]]\", dbname=~\"[[datname]]\"}) without (instance,ip)",
          "format": "time_series",
          "hide": false,
          "interval": "",
          "intervalFactor": 1,
          "legendFormat": "Avg: {{exported_role}}({{dbname}})",
          "metric": "ccp_stat_database_tup_fetched",
          "refId": "A",
          "step": 2
        },
        {
          "expr": "max(ccp_pg_stat_statements_top_max_exec_time_ms{pg_cluster=\"[[cluster]]\",pod=~\"[[pod]]\",dbname=~\"[[datname]]\"}) without (instance,ip,query,queryid)",
          "format": "time_series",
          "hide": false,
          "interval": "",
          "intervalFactor": 1,
          "legendFormat": "Max: {{exported_role}}({{dbname}})",
          "metric": "ccp_stat_database_tup_fetched",
          "refId": "B",
          "step": 2
        }
      ],
      "thresholds": [],
      "timeFrom": null,
      "timeRegions": [],
      "timeShift": null,
      "title": "Query Duration - [[pod]]-[[datname]]",
      "tooltip": {
        "shared": true,
        "sort": 0,
        "value_type": "individual"
      },
      "type": "graph",
      "xaxis": {
        "buckets": null,
        "mode": "time",
        "name": null,
        "show": true,
        "values": []
      },
      "yaxes": [
        {
          "format": "ms",
          "label": null,
          "logBase": 1,
          "max": null,
          "min": null,
          "show": true
        },
        {
          "format": "short",
          "label": null,
          "logBase": 1,
          "max": null,
          "min": null,
          "show": false
        }
      ],
      "yaxis": {
        "align": false,
        "alignLevel": null
      }
    },
    {
      "aliasColors": {},
      "bars": false,
      "dashLength": 10,
      "dashes": false,
      "datasource": "PROMETHEUS",
      "fieldConfig": {
        "defaults": {
          "custom": {},
          "links": []
        },
        "overrides": []
      },
      "fill": 1,
      "fillGradient": 0,
      "gridPos": {
        "h": 6,
        "w": 12,
        "x": 0,
        "y": 19
      },
      "hiddenSeries": false,
      "id": 11,
      "interval": "",
      "legend": {
        "alignAsTable": true,
        "avg": false,
        "current": false,
        "max": false,
        "min": false,
        "rightSide": true,
        "show": true,
        "sideWidth": 150,
        "total": false,
        "values": false
      },
      "lines": true,
      "linewidth": 1,
      "nullPointMode": "null",
      "options": {
        "alertThreshold": true
      },
      "percentage": false,
      "pluginVersion": "7.4.5",
      "pointradius": 5,
      "points": false,
      "renderer": "flot",
      "seriesOverrides": [],
      "spaceLength": 10,
      "stack": false,
      "steppedLine": false,
      "targets": [
        {
          "expr": "sum(irate(ccp_stat_database_tup_fetched{pg_cluster=\"[[cluster]]\",pod=~\"[[pod]]\",datname=~\"[[datname]]\"}[5m]))",
          "format": "time_series",
          "hide": false,
          "interval": "",
          "intervalFactor": 2,
          "legendFormat": "Fetched",
          "metric": "ccp_stat_database_tup_fetched",
          "refId": "A",
          "step": 2
        },
        {
          "expr": "sum(irate(ccp_stat_database_tup_inserted{pg_cluster=\"[[cluster]]\",pod=~\"[[pod]]\",datname=~\"[[datname]]\"}[5m]))",
          "format": "time_series",
          "hide": false,
          "intervalFactor": 2,
          "legendFormat": "Inserted",
          "metric": "ccp_stat_database_tup_inserted",
          "refId": "B",
          "step": 2
        },
        {
          "expr": "sum(irate(ccp_stat_database_tup_updated{pg_cluster=\"[[cluster]]\",pod=~\"[[pod]]\",datname=~\"[[datname]]\"}[5m]))",
          "format": "time_series",
          "hide": false,
          "intervalFactor": 2,
          "legendFormat": "Updated",
          "metric": "ccp_stat_database_tup_updated",
          "refId": "C",
          "step": 2
        },
        {
          "expr": "sum(irate(ccp_stat_database_tup_deleted{pg_cluster=\"[[cluster]]\",pod=~\"[[pod]]\",datname=~\"[[datname]]\"}[5m]))",
          "format": "time_series",
          "intervalFactor": 2,
          "legendFormat": "Deleted",
          "metric": "ccp_stat_database_tup_deleted",
          "refId": "D",
          "step": 2
        },
        {
          "expr": "sum(irate(ccp_stat_database_tup_returned{pg_cluster=\"[[cluster]]\",pod=~\"[[pod]]\",datname=~\"[[datname]]\"}[5m]))",
          "format": "time_series",
          "interval": "",
          "intervalFactor": 2,
          "legendFormat": "Returned",
          "metric": "ccp_stat_database_tup_deleted",
          "refId": "E",
          "step": 2
        }
      ],
      "thresholds": [],
      "timeFrom": null,
      "timeRegions": [],
      "timeShift": null,
      "title": "Row activity - [[pod]]-[[datname]]",
      "tooltip": {
        "shared": true,
        "sort": 0,
        "value_type": "individual"
      },
      "type": "graph",
      "xaxis": {
        "buckets": null,
        "mode": "time",
        "name": null,
        "show": true,
        "values": []
      },
      "yaxes": [
        {
          "format": "short",
          "label": null,
          "logBase": 2,
          "max": null,
          "min": "0",
          "show": true
        },
        {
          "format": "short",
          "label": null,
          "logBase": 1,
          "max": null,
          "min": null,
          "show": false
        }
      ],
      "yaxis": {
        "align": false,
        "alignLevel": null
      }
    },
    {
      "aliasColors": {},
      "bars": false,
      "dashLength": 10,
      "dashes": false,
      "datasource": "PROMETHEUS",
      "fieldConfig": {
        "defaults": {
          "custom": {},
          "links": []
        },
        "overrides": []
      },
      "fill": 1,
      "fillGradient": 0,
      "gridPos": {
        "h": 6,
        "w": 12,
        "x": 12,
        "y": 19
      },
      "hiddenSeries": false,
      "id": 30,
      "legend": {
        "alignAsTable": true,
        "avg": false,
        "current": false,
        "max": false,
        "min": false,
        "rightSide": true,
        "show": true,
        "sideWidth": 150,
        "total": false,
        "values": false
      },
      "lines": true,
      "linewidth": 1,
      "links": [],
      "nullPointMode": "null",
      "options": {
        "alertThreshold": true
      },
      "percentage": false,
      "pluginVersion": "7.4.5",
      "pointradius": 5,
      "points": false,
      "renderer": "flot",
      "seriesOverrides": [],
      "spaceLength": 10,
      "stack": false,
      "steppedLine": false,
      "targets": [
        {
          "expr": "ccp_wal_activity_total_size_bytes{pg_cluster=\"[[cluster]]\",pod=~\"[[pod]]\"}/(1024*1024)",
          "format": "time_series",
          "hide": false,
          "intervalFactor": 2,
          "legendFormat": "{{pod}}",
          "refId": "B"
        }
      ],
      "thresholds": [],
      "timeFrom": null,
      "timeRegions": [],
      "timeShift": null,
      "title": "WAL size MB - [[cluster]]-[[pod]]",
      "tooltip": {
        "shared": true,
        "sort": 0,
        "value_type": "individual"
      },
      "type": "graph",
      "xaxis": {
        "buckets": null,
        "mode": "time",
        "name": null,
        "show": true,
        "values": []
      },
      "yaxes": [
        {
          "format": "decmbytes",
          "label": null,
          "logBase": 1,
          "max": null,
          "min": null,
          "show": true
        },
        {
          "format": "short",
          "label": null,
          "logBase": 1,
          "max": null,
          "min": null,
          "show": true
        }
      ],
      "yaxis": {
        "align": false,
        "alignLevel": null
      }
    },
    {
      "aliasColors": {},
      "bars": false,
      "dashLength": 10,
      "dashes": false,
      "datasource": "PROMETHEUS",
      "fieldConfig": {
        "defaults": {
          "custom": {},
          "links": []
        },
        "overrides": []
      },
      "fill": 1,
      "fillGradient": 0,
      "gridPos": {
        "h": 6,
        "w": 12,
        "x": 0,
        "y": 25
      },
      "hiddenSeries": false,
      "id": 15,
      "legend": {
        "alignAsTable": true,
        "avg": false,
        "current": false,
        "max": false,
        "min": false,
        "rightSide": true,
        "show": true,
        "sideWidth": 150,
        "total": false,
        "values": false
      },
      "lines": true,
      "linewidth": 1,
      "links": [],
      "nullPointMode": "null",
      "options": {
        "alertThreshold": true
      },
      "percentage": false,
      "pluginVersion": "7.4.5",
      "pointradius": 5,
      "points": false,
      "renderer": "flot",
      "seriesOverrides": [
        {
          "alias": "Commits",
          "color": "#73BF69"
        },
        {
          "alias": "DeadLocks",
          "color": "#C4162A"
        },
        {
          "alias": "Conflicts",
          "color": "#FF9830"
        },
        {
          "alias": "Rollbacks",
          "color": "#FFCB7D"
        }
      ],
      "spaceLength": 10,
      "stack": false,
      "steppedLine": false,
      "targets": [
        {
          "expr": "sum(rate(ccp_stat_database_deadlocks{pg_cluster=\"[[cluster]]\",pod=~\"[[pod]]\",datname=~\"[[datname]]\"}[5m]))",
          "format": "time_series",
          "hide": false,
          "intervalFactor": 2,
          "legendFormat": "Conflicts",
          "metric": "ccp_stat_database_conflicts",
          "refId": "A",
          "step": 2
        },
        {
          "expr": "sum(rate(ccp_stat_database_conflicts{pg_cluster=\"[[cluster]]\",pod=~\"[[pod]]\",datname=~\"[[datname]]\"}[5m]))",
          "format": "time_series",
          "intervalFactor": 2,
          "legendFormat": "DeadLocks",
          "metric": "ccp_stat_database_deadlocks",
          "refId": "B",
          "step": 2
        },
        {
          "expr": "sum(irate(ccp_stat_database_xact_commit{pg_cluster=\"[[cluster]]\",pod=~\"[[pod]]\",datname=~\"[[datname]]\"}[5m]))",
          "format": "time_series",
          "hide": false,
          "interval": "",
          "intervalFactor": 2,
          "legendFormat": "Commits",
          "metric": "ccp_stat_database_deadlocks",
          "refId": "C",
          "step": 2
        },
        {
          "expr": "sum(irate(ccp_stat_database_xact_rollback{pg_cluster=\"[[cluster]]\",pod=~\"[[pod]]\",datname=~\"[[datname]]\"}[5m]))",
          "format": "time_series",
          "hide": false,
          "interval": "",
          "intervalFactor": 2,
          "legendFormat": "Rollbacks",
          "metric": "ccp_stat_database_deadlocks",
          "refId": "D",
          "step": 2
        }
      ],
      "thresholds": [],
      "timeFrom": null,
      "timeRegions": [],
      "timeShift": null,
      "title": "Key Counters - [[pod]] - [[datname]]",
      "tooltip": {
        "shared": true,
        "sort": 0,
        "value_type": "individual"
      },
      "type": "graph",
      "xaxis": {
        "buckets": null,
        "mode": "time",
        "name": null,
        "show": true,
        "values": []
      },
      "yaxes": [
        {
          "format": "short",
          "label": null,
          "logBase": 1,
          "max": null,
          "min": "0",
          "show": true
        },
        {
          "format": "short",
          "label": null,
          "logBase": 1,
          "max": null,
          "min": null,
          "show": true
        }
      ],
      "yaxis": {
        "align": false,
        "alignLevel": null
      }
    },
    {
      "aliasColors": {},
      "bars": false,
      "dashLength": 10,
      "dashes": false,
      "datasource": "PROMETHEUS",
      "description": "",
      "fieldConfig": {
        "defaults": {
          "custom": {},
          "links": []
        },
        "overrides": []
      },
      "fill": 0,
      "fillGradient": 0,
      "gridPos": {
        "h": 6,
        "w": 12,
        "x": 12,
        "y": 25
      },
      "hiddenSeries": false,
      "id": 29,
      "legend": {
        "alignAsTable": true,
        "avg": false,
        "current": false,
        "hideEmpty": false,
        "hideZero": false,
        "max": false,
        "min": false,
        "rightSide": true,
        "show": true,
        "sideWidth": 150,
        "total": false,
        "values": true
      },
      "lines": true,
      "linewidth": 1,
      "links": [],
      "nullPointMode": "null",
      "options": {
        "alertThreshold": true
      },
      "percentage": false,
      "pluginVersion": "7.4.5",
      "pointradius": 5,
      "points": false,
      "renderer": "flot",
      "seriesOverrides": [
        {
          "alias": "/Time/",
          "yaxis": 2
        }
      ],
      "spaceLength": 10,
      "stack": false,
      "steppedLine": false,
      "targets": [
        {
          "exemplar": false,
          "expr": "ccp_replication_lag_size_bytes{pg_cluster=\"[[cluster]]\", role!=\"replica\"}",
          "format": "time_series",
          "hide": false,
          "instant": false,
          "interval": "",
          "intervalFactor": 1,
          "legendFormat": "Bytes ({{replica}})",
          "refId": "B"
        },
        {
          "expr": "ccp_replication_lag_replay_time{pg_cluster=\"[[cluster]]\", role=\"replica\"}",
          "format": "time_series",
          "hide": false,
          "interval": "",
          "intervalFactor": 1,
          "legendFormat": "Time ({{ip}})",
          "refId": "A"
        }
      ],
      "thresholds": [],
      "timeFrom": null,
      "timeRegions": [],
      "timeShift": null,
      "title": "Replication Lag - [[cluster]]",
      "tooltip": {
        "shared": true,
        "sort": 0,
        "value_type": "individual"
      },
      "type": "graph",
      "xaxis": {
        "buckets": null,
        "mode": "time",
        "name": null,
        "show": true,
        "values": []
      },
      "yaxes": [
        {
          "format": "short",
          "label": "Lag bytes",
          "logBase": 1,
          "max": null,
          "min": 0,
          "show": true
        },
        {
          "format": "dtdhms",
          "label": "Lag time (hh:mm:ss)",
          "logBase": 1,
          "max": null,
          "min": 0,
          "show": true
        }
      ],
      "yaxis": {
        "align": false,
        "alignLevel": null
      }
    },
    {
      "aliasColors": {},
      "bars": false,
      "dashLength": 10,
      "dashes": false,
      "datasource": "PROMETHEUS",
      "fieldConfig": {
        "defaults": {
          "custom": {},
          "links": []
        },
        "overrides": []
      },
      "fill": 1,
      "fillGradient": 0,
      "gridPos": {
        "h": 6,
        "w": 12,
        "x": 0,
        "y": 31
      },
      "hiddenSeries": false,
      "id": 14,
      "legend": {
        "alignAsTable": true,
        "avg": false,
        "current": false,
        "max": false,
        "min": false,
        "rightSide": true,
        "show": true,
        "sideWidth": 150,
        "total": false,
        "values": false
      },
      "lines": true,
      "linewidth": 1,
      "links": [],
      "nullPointMode": "null",
      "options": {
        "alertThreshold": true
      },
      "percentage": false,
      "pluginVersion": "7.4.5",
      "pointradius": 5,
      "points": false,
      "renderer": "flot",
      "seriesOverrides": [],
      "spaceLength": 10,
      "stack": false,
      "steppedLine": false,
      "targets": [
        {
          "expr": "sum(ccp_stat_bgwriter_buffers_alloc{pg_cluster=\"[[cluster]]\",pod=~\"[[pod]]\"})",
          "format": "time_series",
          "intervalFactor": 2,
          "legendFormat": "Allocated",
          "metric": "pg_stat_bgwriter_buffers_alloc",
          "refId": "A",
          "step": 2
        },
        {
          "expr": "sum(ccp_stat_bgwriter_buffers_backend{pg_cluster=\"[[cluster]]\",pod=~\"[[pod]]\"})",
          "format": "time_series",
          "intervalFactor": 2,
          "legendFormat": "Backend",
          "metric": "pg_stat_bgwriter_buffers_backend",
          "refId": "B",
          "step": 2
        },
        {
          "expr": "sum(ccp_stat_bgwriter_buffers_backend_fsync{pg_cluster=\"[[cluster]]\",pod=~\"[[pod]]\"})",
          "format": "time_series",
          "intervalFactor": 2,
          "legendFormat": "FSync",
          "metric": "pg_stat_bgwriter_buffers_backend_fsync",
          "refId": "C",
          "step": 2
        },
        {
          "expr": "sum(ccp_stat_bgwriter_buffers_checkpoint{pg_cluster=\"[[cluster]]\",pod=~\"[[pod]]\"})",
          "format": "time_series",
          "intervalFactor": 2,
          "legendFormat": "CheckPoint",
          "metric": "pg_stat_bgwriter_buffers_checkpoint",
          "refId": "D",
          "step": 2
        },
        {
          "expr": "sum(ccp_stat_bgwriter_buffers_clean{pg_cluster=\"[[cluster]]\",pod=~\"[[pod]]\"})",
          "format": "time_series",
          "intervalFactor": 2,
          "legendFormat": "Clean",
          "metric": "pg_stat_bgwriter_buffers_clean",
          "refId": "E",
          "step": 2
        }
      ],
      "thresholds": [],
      "timeFrom": null,
      "timeRegions": [],
      "timeShift": null,
      "title": "Buffers - [[pod]]",
      "tooltip": {
        "shared": true,
        "sort": 0,
        "value_type": "individual"
      },
      "type": "graph",
      "xaxis": {
        "buckets": null,
        "mode": "time",
        "name": null,
        "show": true,
        "values": []
      },
      "yaxes": [
        {
          "format": "short",
          "label": null,
          "logBase": 1,
          "max": null,
          "min": "0",
          "show": true
        },
        {
          "format": "short",
          "label": null,
          "logBase": 1,
          "max": null,
          "min": null,
          "show": true
        }
      ],
      "yaxis": {
        "align": false,
        "alignLevel": null
      }
    },
    {
      "aliasColors": {},
      "bars": false,
      "dashLength": 10,
      "dashes": false,
      "datasource": "PROMETHEUS",
      "fieldConfig": {
        "defaults": {
          "custom": {},
          "links": []
        },
        "overrides": []
      },
      "fill": 1,
      "fillGradient": 0,
      "gridPos": {
        "h": 6,
        "w": 12,
        "x": 12,
        "y": 31
      },
      "hiddenSeries": false,
      "id": 17,
      "legend": {
        "alignAsTable": true,
        "avg": false,
        "current": false,
        "max": false,
        "min": false,
        "rightSide": true,
        "show": true,
        "sideWidth": 150,
        "total": false,
        "values": false
      },
      "lines": true,
      "linewidth": 1,
      "links": [],
      "nullPointMode": "null",
      "options": {
        "alertThreshold": true
      },
      "percentage": false,
      "pluginVersion": "7.4.5",
      "pointradius": 5,
      "points": false,
      "renderer": "flot",
      "seriesOverrides": [],
      "spaceLength": 10,
      "stack": false,
      "steppedLine": false,
      "targets": [
        {
          "expr": "sum by (mode) (ccp_locks_count{pg_cluster=\"[[cluster]]\",pod=~\"[[pod]]\",datname=~\"[[datname]]\",mode=\"accessexclusivelock\"})",
          "format": "time_series",
          "hide": false,
          "interval": "",
          "intervalFactor": 2,
          "legendFormat": "{{mode}}",
          "refId": "A",
          "step": 2
        },
        {
          "expr": "sum by (mode) (ccp_locks_count{pg_cluster=\"[[cluster]]\",pod=~\"[[pod]]\",datname=~\"[[datname]]\",mode=\"exclusivelock\"})",
          "format": "time_series",
          "hide": false,
          "intervalFactor": 2,
          "legendFormat": "{{mode}}",
          "refId": "C",
          "step": 2
        },
        {
          "expr": "sum by (mode) (ccp_locks_count{pg_cluster=\"[[cluster]]\",pod=~\"[[pod]]\",datname=~\"[[datname]]\",mode=\"rowexclusivelock\"})",
          "format": "time_series",
          "hide": false,
          "intervalFactor": 2,
          "legendFormat": "{{mode}}",
          "refId": "D",
          "step": 2
        },
        {
          "expr": "sum by (mode) (ccp_locks_count{pg_cluster=\"[[cluster]]\",pod=~\"[[pod]]\",datname=~\"[[datname]]\",mode=\"sharerowexclusivelock\"})",
          "format": "time_series",
          "hide": false,
          "intervalFactor": 2,
          "legendFormat": "{{mode}}",
          "refId": "G",
          "step": 2
        },
        {
          "expr": "sum by (mode) (ccp_locks_count{pg_cluster=\"[[cluster]]\",pod=~\"[[pod]]\",datname=~\"[[datname]]\",mode=\"shareupdateexclusivelock\"})",
          "format": "time_series",
          "hide": false,
          "intervalFactor": 2,
          "legendFormat": "{{mode}}",
          "refId": "H",
          "step": 2
        },
        {
          "expr": "sum by (mode) (ccp_locks_count{pg_cluster=\"[[cluster]]\",pod=~\"[[pod]]\",datname=~\"[[datname]]\",mode=\"accesssharelock\"})",
          "format": "time_series",
          "intervalFactor": 1,
          "legendFormat": "{{mode}}",
          "refId": "B"
        }
      ],
      "thresholds": [],
      "timeFrom": null,
      "timeRegions": [],
      "timeShift": null,
      "title": "Locks - [[pod]]-[[datname]]",
      "tooltip": {
        "shared": true,
        "sort": 0,
        "value_type": "individual"
      },
      "type": "graph",
      "xaxis": {
        "buckets": null,
        "mode": "time",
        "name": null,
        "show": true,
        "values": []
      },
      "yaxes": [
        {
          "format": "short",
          "label": null,
          "logBase": 1,
          "max": null,
          "min": "0",
          "show": true
        },
        {
          "format": "short",
          "label": null,
          "logBase": 1,
          "max": null,
          "min": null,
          "show": false
        }
      ],
      "yaxis": {
        "align": false,
        "alignLevel": null
      }
    },
    {
      "aliasColors": {},
      "bars": false,
      "dashLength": 10,
      "dashes": false,
      "datasource": "PROMETHEUS",
      "fieldConfig": {
        "defaults": {
          "custom": {},
          "links": []
        },
        "overrides": []
      },
      "fill": 1,
      "fillGradient": 0,
      "gridPos": {
        "h": 6,
        "w": 12,
        "x": 12,
        "y": 37
      },
      "hiddenSeries": false,
      "id": 28,
      "legend": {
        "alignAsTable": true,
        "avg": false,
        "current": false,
        "max": false,
        "min": false,
        "rightSide": true,
        "show": true,
        "sideWidth": 150,
        "total": false,
        "values": false
      },
      "lines": true,
      "linewidth": 1,
      "links": [],
      "nullPointMode": "null",
      "options": {
        "alertThreshold": true
      },
      "percentage": false,
      "pluginVersion": "7.4.5",
      "pointradius": 5,
      "points": false,
      "renderer": "flot",
      "seriesOverrides": [],
      "spaceLength": 10,
      "stack": false,
      "steppedLine": false,
      "targets": [
        {
          "expr": "ccp_stat_database_blks_hit{pg_cluster=\"[[cluster]]\",pod=~\"[[pod]]\", dbname!~\"template0\", dbname!~\"template1\"}*100/(ccp_stat_database_blks_hit{pg_cluster=\"[[cluster]]\",pod=~\"[[pod]]\", dbname!~\"template0\", dbname!~\"template1\"} + ccp_stat_database_blks_read{pg_cluster=\"[[cluster]]\",pod=~\"[[pod]]\",dbname!~\"template0\", dbname!~\"template1\"})",
          "format": "time_series",
          "hide": false,
          "interval": "",
          "intervalFactor": 2,
          "legendFormat": "{{dbname}} - ({{pod}})",
          "refId": "A"
        }
      ],
      "thresholds": [],
      "timeFrom": null,
      "timeRegions": [],
      "timeShift": null,
      "title": "Cache Hit Ratio - [[pod]]-[[datname]]",
      "tooltip": {
        "shared": true,
        "sort": 0,
        "value_type": "individual"
      },
      "type": "graph",
      "xaxis": {
        "buckets": null,
        "mode": "time",
        "name": null,
        "show": true,
        "values": []
      },
      "yaxes": [
        {
          "decimals": null,
          "format": "percent",
          "label": null,
          "logBase": 1,
          "max": "100",
          "min": "0",
          "show": true
        },
        {
          "format": "short",
          "label": null,
          "logBase": 1,
          "max": null,
          "min": null,
          "show": false
        }
      ],
      "yaxis": {
        "align": false,
        "alignLevel": null
      }
    }
  ],
  "refresh": "5s",
  "schemaVersion": 27,
  "style": "dark",
  "tags": [
    "vendor=crunchydata"
  ],
  "templating": {
    "list": [
      {
        "allFormat": "glob",
        "allValue": null,
        "current": {},
        "datasource": "PROMETHEUS",
        "definition": "",
        "description": null,
        "error": null,
        "hide": 0,
        "includeAll": false,
        "label": "cluster",
        "multi": false,
        "name": "cluster",
        "options": [],
        "query": {
          "query": "label_values(pg_cluster)",
          "refId": "PROMETHEUS-cluster-Variable-Query"
        },
        "refresh": 1,
        "regex": "",
        "skipUrlSync": false,
        "sort": 0,
        "tagValuesQuery": "",
        "tags": [],
        "tagsQuery": "",
        "type": "query",
        "useTags": false
      },
      {
        "allFormat": "glob",
        "allValue": ".*",
        "current": {},
        "datasource": "PROMETHEUS",
        "definition": "label_values({pg_cluster=\"[[cluster]]\"},pod)",
        "description": null,
        "error": null,
        "hide": 0,
        "includeAll": true,
        "label": "pod",
        "multi": true,
        "name": "pod",
        "options": [],
        "query": {
          "query": "label_values({pg_cluster=\"[[cluster]]\"},pod)",
          "refId": "PROMETHEUS-pod-Variable-Query"
        },
        "refresh": 1,
        "regex": "",
        "skipUrlSync": false,
        "sort": 1,
        "tagValuesQuery": "",
        "tags": [],
        "tagsQuery": "",
        "type": "query",
        "useTags": false
      },
      {
        "allFormat": "glob",
        "allValue": ".*",
        "current": {},
        "datasource": "PROMETHEUS",
        "definition": "label_values({pg_cluster=\"[[cluster]]\",pod=~\"[[pod]]\"},dbname)",
        "description": null,
        "error": null,
        "hide": 0,
        "includeAll": true,
        "label": "Database",
        "multi": true,
        "name": "datname",
        "options": [],
        "query": {
          "query": "label_values({pg_cluster=\"[[cluster]]\",pod=~\"[[pod]]\"},dbname)",
          "refId": "PROMETHEUS-datname-Variable-Query"
        },
        "refresh": 1,
        "regex": "",
        "skipUrlSync": false,
        "sort": 1,
        "tagValuesQuery": "",
        "tags": [],
        "tagsQuery": "",
        "type": "query",
        "useTags": false
      }
    ]
  },
  "time": {
    "from": "now-30m",
    "to": "now"
  },
  "timepicker": {
    "time_options": [
      "5m",
      "15m",
      "1h",
      "6h",
      "12h",
      "24h",
      "2d",
      "7d",
      "30d"
    ]
  },
  "timezone": "browser",
  "title": "PostgreSQLDetails",
  "uid": "fMip0cuMk",
  "version": 1
}
